StageIndex,WaveIndex,SpawnInterval,OnceSpawnCount,MonsterId,EliteId,BossId,RemainsTime,WaveType,FirstMonsterSpawnRate,HpIncreaseRate,nonDropRate,SmallGemDropRate,GreenGemDropRate,BlueGemDropRate,YellowGemDropRate,EliteDropItemId
1,1,3,3,202001,,,60,0,1,0.5,0.25,0.73,0.27,0,0,
1,2,3,13,202001,203001,,60,0,1,1,0.25,0,0.73,0.27,0,60002&60006
1,3,3,23,202001,,,60,0,1,1.5,0.25,0,0.73,0.27,0,
1,4,3,33,202001,203002,,60,0,1,2,0.25,0,0.73,0.27,0,60002&60006
1,5,3,43,202001,,,60,0,1,3,0.25,0,0,0.73,0.27,
1,6,3,53,202001,203001,,60,0,1,4,0.25,0,0,0.73,0.27,60002&60006
1,7,3,63,202001,,,60,0,1,5,0.25,0,0,0.73,0.27,
1,8,3,73,202001,203002,,60,0,1,6,0.25,0,0.67,0.27,0.07,60002&60006
1,9,3,83,202001,,,60,0,1,7,0.25,0,0.67,0.27,0.07,
1,10,3,93,202001,,204001,60,0,1,7.5,0.25,0,0.67,0.27,0.07,
2,1,3,3,202002,,,60,0,1,0.5,0.25,0.73,0.27,0,0,
2,2,3,13,202002,203003,,60,0,1,1,0.25,0,0.73,0.27,0,60002&60006
2,3,3,23,202002,,,60,0,1,1.5,0.25,0,0.73,0.27,0,
2,4,3,33,202002,203004,,60,0,1,2,0.25,0,0.73,0.27,0,60002&60006
2,5,3,43,202002,,,60,0,1,3,0.25,0,0,0.73,0.27,
2,6,3,53,202002,203003,,60,0,1,4,0.25,0,0,0.73,0.27,60002&60006
2,7,3,63,202002,,,60,0,1,5,0.25,0,0,0.73,0.27,
2,8,3,73,202002,203004,,60,0,1,6,0.25,0,0.67,0.27,0.07,60002&60006
2,9,3,83,202002,,,60,0,1,7,0.25,0,0.67,0.27,0.07,
2,10,3,93,202002,,204002,60,0,1,7.5,0.25,0,0.67,0.27,0.07,
3,1,3,3,202003,,,60,0,1,0.5,0.25,0.73,0.27,0,0,
3,2,3,13,202003,203005,,60,0,1,1,0.25,0,0.73,0.27,0,60002&60006
3,3,3,23,202003,,,60,0,1,1.5,0.25,0,0.73,0.27,0,
3,4,3,33,202003,203006,,60,0,1,2,0.25,0,0.73,0.27,0,60002&60006
3,5,3,43,202003,,,60,0,1,3,0.25,0,0,0.73,0.27,
3,6,3,53,202003,203005,,60,0,1,4,0.25,0,0,0.73,0.27,60002&60006
3,7,3,63,202003,,,60,0,1,5,0.25,0,0,0.73,0.27,
3,8,3,73,202003,203006,,60,0,1,6,0.25,0,0.67,0.27,0.07,60002&60006
3,9,3,83,202003,,,60,0,1,7,0.25,0,0.67,0.27,0.07,
3,10,3,93,202003,,204003,60,0,1,7.5,0.25,0,0.67,0.27,0.07,
4,1,3,3,202007,,,60,0,1,1,0.25,0.73,0.27,0,0,
4,2,3,13,202007,203003,,60,0,1,2,0.25,0,0.73,0.27,0,60002&60006
4,3,3,23,202007&202010,,,60,0,0.8,3,0.25,0,0.73,0.27,0,
4,4,3,33,202007,203004,,60,0,1,4,0.25,0,0.73,0.27,0,60002&60006
4,5,3,43,202007&202010,,,60,0,0.8,6,0.25,0,0,0.73,0.27,
4,6,3,53,202007&202001,203003,,60,0,0.8,8,0.25,0,0,0.73,0.27,60002&60006
4,7,3,63,202007&202010,,,60,0,0.8,10,0.25,0,0,0.73,0.27,
4,8,3,73,202007&202001,203004,,60,0,0.8,12,0.25,0,0.67,0.27,0.07,60002&60006
4,9,3,83,202007&202010,,,60,0,0.8,14,0.25,0,0.67,0.27,0.07,
4,10,3,93,202007&202001,,204004,60,0,0.8,15,0.25,0,0.67,0.27,0.07,
5,1,3,4,202008,,,40,0,1,1.5,0.25,0.73,0.27,0,0,
5,2,3,9,202008,203005,,80,0,1,1.5,0.25,0,0.73,0.27,0,60002&60006
5,3,3,34,202002&202011,,,40,0,0.8,4.5,0.25,0,0.73,0.27,0,
5,4,3,24,202008,203006,,80,0,1,3,0.25,0,0.73,0.27,0,60002&60006
5,5,3,64,202002&202011,,,40,0,0.8,9,0.25,0,0,0.73,0.27,
5,6,3,39,202008,203005,,80,0,1,6,0.25,0,0,0.73,0.27,60002&60006
5,7,3,94,202002&202011,,,40,0,0.8,15,0.25,0,0,0.73,0.27,
5,8,3,54,202008&202002,203006,,80,0,0.8,9,0.25,0,0.67,0.27,0.07,60002&60006
5,9,3,124,202002&202011,,,40,0,0.8,21,0.25,0,0.67,0.27,0.07,
5,10,3,69,202008&202002,,204005,80,0,0.8,11.25,0.25,0,0.67,0.27,0.07,
6,1,3,3,202009,,,50,0,1,1.2,0.25,0.73,0.27,0,0,
6,2,3,11,202009&202003,203007,,70,0,0.8,1.714285714,0.25,0,0.73,0.27,0,60002&60006
6,3,3,27,202003&202012,,,50,0,0.8,3.6,0.25,0,0.73,0.27,0,
6,4,3,28,202009,203008,,70,0,1,3.428571429,0.25,0,0.73,0.27,0,60002&60006
6,5,3,51,202009&202012,,,50,0,0.8,7.2,0.25,0,0,0.73,0.27,
6,6,3,45,202009&202003,203007,,70,0,0.8,6.857142857,0.25,0,0,0.73,0.27,60002&60006
6,7,3,75,202003&202012,,,50,0,0.8,12,0.25,0,0,0.73,0.27,
6,8,3,62,202009&202003,203008,,70,0,0.8,10.28571429,0.25,0,0.67,0.27,0.07,60002&60006
6,9,3,99,202009&202012,,,50,0,0.8,16.8,0.25,0,0.67,0.27,0.07,
6,10,3,79,202009&202003,,204006,70,0,0.8,12.85714286,0.25,0,0.67,0.27,0.07,
7,1,3,6,202013,,,30,0,1,3,0.25,0.73,0.27,0,0,
7,2,3,8,202013,203005,,90,0,1,2,0.25,0,0.73,0.27,0,60002&60006
7,3,3,46,202013&202016,,,30,0,0.8,9,0.25,0,0.73,0.27,0,
7,4,3,22,202013&202007,203006,,90,0,0.8,4,0.25,0,0.73,0.27,0,60002&60006
7,5,3,86,202013&202016,,,30,0,0.8,18,0.25,0,0,0.73,0.27,
7,6,3,35,202013&202007,203005,,90,0,0.8,8,0.25,0,0,0.73,0.27,60002&60006
7,7,3,126,202013&202016,,,30,0,0.8,30,0.25,0,0,0.73,0.27,
7,8,3,48,202013&202007,203006,,90,0,0.8,12,0.25,0,0.67,0.27,0.07,60002&60006
7,9,3,166,202013&202016,,,30,0,0.8,42,0.25,0,0.67,0.27,0.07,
7,10,3,62,202013&202007,,204007,90,0,0.8,15,0.25,0,0.67,0.27,0.07,
8,1,3,4,202008,,,40,0,1,2.25,0.25,0.73,0.27,0,0,
8,2,3,15,202014&202008,203007,,50,0,0.8,3.6,0.25,0,0.73,0.27,0,60002&60006
8,3,3,23,202014&202017,,,60,0,0.8,4.5,0.25,0,0.73,0.27,0,
8,4,3,28,202014,203008,,70,0,1,5.142857143,0.25,0,0.73,0.27,0,60002&60006
8,5,3,32,202008&202017,,,80,0,0.8,6.75,0.25,0,0,0.73,0.27,
8,6,3,79,202014,203007,,40,0,1,18,0.25,0,0,0.73,0.27,60002&60006
8,7,3,75,202008&202017,,,50,0,0.8,18,0.25,0,0,0.73,0.27,
8,8,3,73,202014&202008,203008,,60,0,0.8,18,0.25,0,0.67,0.27,0.07,60002&60006
8,9,3,71,202014&202017,,,70,0,0.8,18,0.25,0,0.67,0.27,0.07,
8,10,3,69,202014&202008,,204008,80,0,0.8,16.875,0.25,0,0.67,0.27,0.07,
9,1,3,3,202009,,,50,0,1,1.8,0.25,0.73,0.27,0,0,
9,2,3,11,202015&202009,203009,,70,0,0.8,2.571428571,0.25,0,0.73,0.27,0,60002&60006
9,3,3,27,202015&202018,,,50,0,0.8,5.4,0.25,0,0.73,0.27,0,
9,4,3,28,202015,203010,,70,0,1,5.142857143,0.25,0,0.73,0.27,0,60002&60006
9,5,3,43,202009&202018,,,60,0,0.8,9,0.25,0,0,0.73,0.27,
9,6,3,79,202015,203009,,40,0,1,18,0.25,0,0,0.73,0.27,60002&60006
9,7,3,75,202009&202018,,,50,0,0.8,18,0.25,0,0,0.73,0.27,
9,8,3,73,202015&202009,203010,,60,0,0.8,18,0.25,0,0.67,0.27,0.07,60002&60006
9,9,3,71,202015&202018,,,70,0,0.8,18,0.25,0,0.67,0.27,0.07,
9,10,3,69,202015&202009,,204009,80,0,0.8,16.875,0.25,0,0.67,0.27,0.07,
10,1,3,3,202019,,,60,0,1,2,0.25,0.73,0.27,0,0,
10,2,3,13,202019,203007,,60,0,1,4,0.25,0,0.73,0.27,0,60002&60006
10,3,3,23,202019&202022,,,60,0,0.8,6,0.25,0,0.73,0.27,0,
10,4,3,33,202019,203008,,60,0,1,8,0.25,0,0.73,0.27,0,60002&60006
10,5,3,43,202019&202022,,,60,0,0.8,12,0.25,0,0,0.73,0.27,
10,6,3,53,202019&202013,203007,,60,0,0.8,16,0.25,0,0,0.73,0.27,60002&60006
10,7,3,63,202019&202022,,,60,0,0.8,20,0.25,0,0,0.73,0.27,
10,8,3,73,202019&202013,203008,,60,0,0.8,24,0.25,0,0.67,0.27,0.07,60002&60006
10,9,3,83,202019&202022,,,60,0,0.8,28,0.25,0,0.67,0.27,0.07,
10,10,3,93,202019&202013,,204010,60,0,0.8,30,0.25,0,0.67,0.27,0.07,
11,1,3,4,202020,,,40,0,1,3,0.25,0.73,0.27,0,0,
11,2,3,9,202020,203009,,80,0,1,3,0.25,0,0.73,0.27,0,60002&60006
11,3,3,34,202014&202023,,,40,0,0.8,9,0.25,0,0.73,0.27,0,
11,4,3,24,202020,203010,,80,0,1,6,0.25,0,0.73,0.27,0,60002&60006
11,5,3,64,202014&202023,,,40,0,0.8,18,0.25,0,0,0.73,0.27,
11,6,3,39,202020,203009,,80,0,1,12,0.25,0,0,0.73,0.27,60002&60006
11,7,3,94,202014&202023,,,40,0,0.8,30,0.25,0,0,0.73,0.27,
11,8,3,54,202020&202014,203010,,80,0,0.8,18,0.25,0,0.67,0.27,0.07,60002&60006
11,9,3,124,202014&202023,,,40,0,0.8,42,0.25,0,0.67,0.27,0.07,
11,10,3,69,202020&202014,,204011,80,0,0.8,22.5,0.25,0,0.67,0.27,0.07,
12,1,3,3,202021,,,50,0,1,2.4,0.25,0.73,0.27,0,0,
12,2,3,11,202021&202015,203011,,70,0,0.8,3.428571429,0.25,0,0.73,0.27,0,60002&60006
12,3,3,27,202015&202024,,,50,0,0.8,7.2,0.25,0,0.73,0.27,0,
12,4,3,28,202021,203012,,70,0,1,6.857142857,0.25,0,0.73,0.27,0,60002&60006
12,5,3,51,202021&202024,,,50,0,0.8,14.4,0.25,0,0,0.73,0.27,
12,6,3,45,202021&202015,203011,,70,0,0.8,13.71428571,0.25,0,0,0.73,0.27,60002&60006
12,7,3,75,202015&202024,,,50,0,0.8,24,0.25,0,0,0.73,0.27,
12,8,3,62,202021&202015,203012,,70,0,0.8,20.57142857,0.25,0,0.67,0.27,0.07,60002&60006
12,9,3,99,202021&202024,,,50,0,0.8,33.6,0.25,0,0.67,0.27,0.07,
12,10,3,79,202021&202015,,204012,70,0,0.8,25.71428571,0.25,0,0.67,0.27,0.07,
13,1,3,6,202025,,,30,0,1,5,0.25,0.73,0.27,0,0,
13,2,3,8,202025,203009,,90,0,1,3.333333333,0.25,0,0.73,0.27,0,60002&60006
13,3,3,46,202025&202028,,,30,0,0.8,15,0.25,0,0.73,0.27,0,
13,4,3,22,202025&202019,203010,,90,0,0.8,6.666666667,0.25,0,0.73,0.27,0,60002&60006
13,5,3,86,202025&202028,,,30,0,0.8,30,0.25,0,0,0.73,0.27,
13,6,3,35,202025&202019,203009,,90,0,0.8,13.33333333,0.25,0,0,0.73,0.27,60002&60006
13,7,3,126,202025&202028,,,30,0,0.8,50,0.25,0,0,0.73,0.27,
13,8,3,48,202025&202019,203010,,90,0,0.8,20,0.25,0,0.67,0.27,0.07,60002&60006
13,9,3,166,202025&202028,,,30,0,0.8,70,0.25,0,0.67,0.27,0.07,
13,10,3,62,202025&202019,,204013,90,0,0.8,25,0.25,0,0.67,0.27,0.07,
14,1,3,4,202020,,,40,0,1,3.75,0.25,0.73,0.27,0,0,
14,2,3,15,202026&202020,203011,,50,0,0.8,6,0.25,0,0.73,0.27,0,60002&60006
14,3,3,23,202026&202029,,,60,0,0.8,7.5,0.25,0,0.73,0.27,0,
14,4,3,28,202026,203012,,70,0,1,8.571428571,0.25,0,0.73,0.27,0,60002&60006
14,5,3,32,202020&202029,,,80,0,0.8,11.25,0.25,0,0,0.73,0.27,
14,6,3,79,202026,203011,,40,0,1,30,0.25,0,0,0.73,0.27,60002&60006
14,7,3,75,202020&202029,,,50,0,0.8,30,0.25,0,0,0.73,0.27,
14,8,3,73,202026&202020,203012,,60,0,0.8,30,0.25,0,0.67,0.27,0.07,60002&60006
14,9,3,71,202026&202029,,,70,0,0.8,30,0.25,0,0.67,0.27,0.07,
14,10,3,69,202026&202020,,204014,80,0,0.8,28.125,0.25,0,0.67,0.27,0.07,
15,1,3,3,202021,,,50,0,1,3,0.25,0.73,0.27,0,0,
15,2,3,11,202027&202021,203013,,70,0,0.8,4.285714286,0.25,0,0.73,0.27,0,60002&60006
15,3,3,27,202027&202030,,,50,0,0.8,9,0.25,0,0.73,0.27,0,
15,4,3,28,202027,203014,,70,0,1,8.571428571,0.25,0,0.73,0.27,0,60002&60006
15,5,3,43,202021&202030,,,60,0,0.8,15,0.25,0,0,0.73,0.27,
15,6,3,79,202027,203013,,40,0,1,30,0.25,0,0,0.73,0.27,60002&60006
15,7,3,75,202021&202030,,,50,0,0.8,30,0.25,0,0,0.73,0.27,
15,8,3,73,202027&202021,203014,,60,0,0.8,30,0.25,0,0.67,0.27,0.07,60002&60006
15,9,3,71,202027&202030,,,70,0,0.8,30,0.25,0,0.67,0.27,0.07,
15,10,3,69,202027&202021,,204015,80,0,0.8,28.125,0.25,0,0.67,0.27,0.07,
16,1,3,3,202031,,,60,0,1,3,0.25,0.73,0.27,0,0,
16,2,3,13,202031,203011,,60,0,1,6,0.25,0,0.73,0.27,0,60002&60006
16,3,3,23,202031&202034,,,60,0,0.8,9,0.25,0,0.73,0.27,0,
16,4,3,33,202031,203012,,60,0,1,12,0.25,0,0.73,0.27,0,60002&60006
16,5,3,43,202031&202034,,,60,0,0.8,18,0.25,0,0,0.73,0.27,
16,6,3,53,202031&202025,203011,,60,0,0.8,24,0.25,0,0,0.73,0.27,60002&60006
16,7,3,63,202031&202034,,,60,0,0.8,30,0.25,0,0,0.73,0.27,
16,8,3,73,202031&202025,203012,,60,0,0.8,36,0.25,0,0.67,0.27,0.07,60002&60006
16,9,3,83,202031&202034,,,60,0,0.8,42,0.25,0,0.67,0.27,0.07,
16,10,3,93,202031&202025,,204016,60,0,0.8,45,0.25,0,0.67,0.27,0.07,
17,1,3,4,202032,,,40,0,1,4.5,0.25,0.73,0.27,0,0,
17,2,3,9,202032,203013,,80,0,1,4.5,0.25,0,0.73,0.27,0,60002&60006
17,3,3,34,202026&202035,,,40,0,0.8,13.5,0.25,0,0.73,0.27,0,
17,4,3,24,202032,203014,,80,0,1,9,0.25,0,0.73,0.27,0,60002&60006
17,5,3,64,202026&202035,,,40,0,0.8,27,0.25,0,0,0.73,0.27,
17,6,3,39,202032,203013,,80,0,1,18,0.25,0,0,0.73,0.27,60002&60006
17,7,3,94,202026&202035,,,40,0,0.8,45,0.25,0,0,0.73,0.27,
17,8,3,54,202032&202026,203014,,80,0,0.8,27,0.25,0,0.67,0.27,0.07,60002&60006
17,9,3,124,202026&202035,,,40,0,0.8,63,0.25,0,0.67,0.27,0.07,
17,10,3,69,202032&202026,,204017,80,0,0.8,33.75,0.25,0,0.67,0.27,0.07,
18,1,3,3,202033,,,50,0,1,3.6,0.25,0.73,0.27,0,0,
18,2,3,11,202033&202027,203015,,70,0,0.8,5.142857143,0.25,0,0.73,0.27,0,60002&60006
18,3,3,27,202027&202036,,,50,0,0.8,10.8,0.25,0,0.73,0.27,0,
18,4,3,28,202033,203016,,70,0,1,10.28571429,0.25,0,0.73,0.27,0,60002&60006
18,5,3,51,202033&202036,,,50,0,0.8,21.6,0.25,0,0,0.73,0.27,
18,6,3,45,202033&202027,203015,,70,0,0.8,20.57142857,0.25,0,0,0.73,0.27,60002&60006
18,7,3,75,202027&202036,,,50,0,0.8,36,0.25,0,0,0.73,0.27,
18,8,3,62,202033&202027,203016,,70,0,0.8,30.85714286,0.25,0,0.67,0.27,0.07,60002&60006
18,9,3,99,202033&202036,,,50,0,0.8,50.4,0.25,0,0.67,0.27,0.07,
18,10,3,79,202033&202027,,204018,70,0,0.8,38.57142857,0.25,0,0.67,0.27,0.07,
19,1,3,6,202037,,,30,0,1,7,0.25,0.73,0.27,0,0,
19,2,3,8,202037,203013,,90,0,1,4.666666667,0.25,0,0.73,0.27,0,60002&60006
19,3,3,46,202037&202040,,,30,0,0.8,21,0.25,0,0.73,0.27,0,
19,4,3,22,202037&202031,203014,,90,0,0.8,9.333333333,0.25,0,0.73,0.27,0,60002&60006
19,5,3,86,202037&202040,,,30,0,0.8,42,0.25,0,0,0.73,0.27,
19,6,3,35,202037&202031,203013,,90,0,0.8,18.66666667,0.25,0,0,0.73,0.27,60002&60006
19,7,3,126,202037&202040,,,30,0,0.8,70,0.25,0,0,0.73,0.27,
19,8,3,48,202037&202031,203014,,90,0,0.8,28,0.25,0,0.67,0.27,0.07,60002&60006
19,9,3,166,202037&202040,,,30,0,0.8,98,0.25,0,0.67,0.27,0.07,
19,10,3,62,202037&202031,,204019,90,0,0.8,35,0.25,0,0.67,0.27,0.07,
20,1,3,4,202032,,,40,0,1,5.25,0.25,0.73,0.27,0,0,
20,2,3,15,202038&202032,203015,,50,0,0.8,8.4,0.25,0,0.73,0.27,0,60002&60006
20,3,3,23,202038&202041,,,60,0,0.8,10.5,0.25,0,0.73,0.27,0,
20,4,3,28,202038,203016,,70,0,1,12,0.25,0,0.73,0.27,0,60002&60006
20,5,3,32,202032&202041,,,80,0,0.8,15.75,0.25,0,0,0.73,0.27,
20,6,3,79,202038,203015,,40,0,1,42,0.25,0,0,0.73,0.27,60002&60006
20,7,3,75,202032&202041,,,50,0,0.8,42,0.25,0,0,0.73,0.27,
20,8,3,73,202038&202032,203016,,60,0,0.8,42,0.25,0,0.67,0.27,0.07,60002&60006
20,9,3,71,202038&202041,,,70,0,0.8,42,0.25,0,0.67,0.27,0.07,
20,10,3,69,202038&202032,,204020,80,0,0.8,39.375,0.25,0,0.67,0.27,0.07,
21,1,3,3,202033,,,50,0,1,4.2,0.25,0.73,0.27,0,0,
21,2,3,11,202039&202033,203017,,70,0,0.8,6,0.25,0,0.73,0.27,0,60002&60006
21,3,3,27,202039&202042,,,50,0,0.8,12.6,0.25,0,0.73,0.27,0,
21,4,3,28,202039,203018,,70,0,1,12,0.25,0,0.73,0.27,0,60002&60006
21,5,3,43,202033&202042,,,60,0,0.8,21,0.25,0,0,0.73,0.27,
21,6,3,79,202039,203017,,40,0,1,42,0.25,0,0,0.73,0.27,60002&60006
21,7,3,75,202033&202042,,,50,0,0.8,42,0.25,0,0,0.73,0.27,
21,8,3,73,202039&202033,203018,,60,0,0.8,42,0.25,0,0.67,0.27,0.07,60002&60006
21,9,3,71,202039&202042,,,70,0,0.8,42,0.25,0,0.67,0.27,0.07,
21,10,3,69,202039&202033,,204021,80,0,0.8,39.375,0.25,0,0.67,0.27,0.07,
22,1,3,3,202043,,,60,0,1,4,0.25,0.73,0.27,0,0,
22,2,3,13,202043,203015,,60,0,1,8,0.25,0,0.73,0.27,0,60002&60006
22,3,3,23,202043&202046,,,60,0,0.8,12,0.25,0,0.73,0.27,0,
22,4,3,33,202043,203016,,60,0,1,16,0.25,0,0.73,0.27,0,60002&60006
22,5,3,43,202043&202046,,,60,0,0.8,24,0.25,0,0,0.73,0.27,
22,6,3,53,202043&202037,203015,,60,0,0.8,32,0.25,0,0,0.73,0.27,60002&60006
22,7,3,63,202043&202046,,,60,0,0.8,40,0.25,0,0,0.73,0.27,
22,8,3,73,202043&202037,203016,,60,0,0.8,48,0.25,0,0.67,0.27,0.07,60002&60006
22,9,3,83,202043&202046,,,60,0,0.8,56,0.25,0,0.67,0.27,0.07,
22,10,3,93,202043&202037,,204022,60,0,0.8,60,0.25,0,0.67,0.27,0.07,
23,1,3,4,202044,,,40,0,1,6,0.25,0.73,0.27,0,0,
23,2,3,9,202044,203017,,80,0,1,6,0.25,0,0.73,0.27,0,60002&60006
23,3,3,34,202038&202047,,,40,0,0.8,18,0.25,0,0.73,0.27,0,
23,4,3,24,202044,203018,,80,0,1,12,0.25,0,0.73,0.27,0,60002&60006
23,5,3,64,202038&202047,,,40,0,0.8,36,0.25,0,0,0.73,0.27,
23,6,3,39,202044,203017,,80,0,1,24,0.25,0,0,0.73,0.27,60002&60006
23,7,3,94,202038&202047,,,40,0,0.8,60,0.25,0,0,0.73,0.27,
23,8,3,54,202044&202038,203018,,80,0,0.8,36,0.25,0,0.67,0.27,0.07,60002&60006
23,9,3,124,202038&202047,,,40,0,0.8,84,0.25,0,0.67,0.27,0.07,
23,10,3,69,202044&202038,,204023,80,0,0.8,45,0.25,0,0.67,0.27,0.07,
24,1,3,3,202045,,,50,0,1,4.8,0.25,0.73,0.27,0,0,
24,2,3,11,202045&202039,203019,,70,0,0.8,6.857142857,0.25,0,0.73,0.27,0,60002&60006
24,3,3,27,202039&202048,,,50,0,0.8,14.4,0.25,0,0.73,0.27,0,
24,4,3,28,202045,203020,,70,0,1,13.71428571,0.25,0,0.73,0.27,0,60002&60006
24,5,3,51,202045&202048,,,50,0,0.8,28.8,0.25,0,0,0.73,0.27,
24,6,3,45,202045&202039,203019,,70,0,0.8,27.42857143,0.25,0,0,0.73,0.27,60002&60006
24,7,3,75,202039&202048,,,50,0,0.8,48,0.25,0,0,0.73,0.27,
24,8,3,62,202045&202039,203020,,70,0,0.8,41.14285714,0.25,0,0.67,0.27,0.07,60002&60006
24,9,3,99,202045&202048,,,50,0,0.8,67.2,0.25,0,0.67,0.27,0.07,
24,10,3,79,202045&202039,,204024,70,0,0.8,51.42857143,0.25,0,0.67,0.27,0.07,
25,1,3,6,202049,,,30,0,1,9,0.25,0.73,0.27,0,0,
25,2,3,8,202049,203017,,90,0,1,6,0.25,0,0.73,0.27,0,60002&60006
25,3,3,46,202049&202052,,,30,0,0.8,27,0.25,0,0.73,0.27,0,
25,4,3,22,202049&202043,203018,,90,0,0.8,12,0.25,0,0.73,0.27,0,60002&60006
25,5,3,86,202049&202052,,,30,0,0.8,54,0.25,0,0,0.73,0.27,
25,6,3,35,202049&202043,203017,,90,0,0.8,24,0.25,0,0,0.73,0.27,60002&60006
25,7,3,126,202049&202052,,,30,0,0.8,90,0.25,0,0,0.73,0.27,
25,8,3,48,202049&202043,203018,,90,0,0.8,36,0.25,0,0.67,0.27,0.07,60002&60006
25,9,3,166,202049&202052,,,30,0,0.8,126,0.25,0,0.67,0.27,0.07,
25,10,3,62,202049&202043,,204025,90,0,0.8,45,0.25,0,0.67,0.27,0.07,
26,1,3,4,202044,,,40,0,1,6.75,0.25,0.73,0.27,0,0,
26,2,3,15,202050&202044,203019,,50,0,0.8,10.8,0.25,0,0.73,0.27,0,60002&60006
26,3,3,23,202050&202053,,,60,0,0.8,13.5,0.25,0,0.73,0.27,0,
26,4,3,28,202050,203020,,70,0,1,15.42857143,0.25,0,0.73,0.27,0,60002&60006
26,5,3,32,202044&202053,,,80,0,0.8,20.25,0.25,0,0,0.73,0.27,
26,6,3,79,202050,203019,,40,0,1,54,0.25,0,0,0.73,0.27,60002&60006
26,7,3,75,202044&202053,,,50,0,0.8,54,0.25,0,0,0.73,0.27,
26,8,3,73,202050&202044,203020,,60,0,0.8,54,0.25,0,0.67,0.27,0.07,60002&60006
26,9,3,71,202050&202053,,,70,0,0.8,54,0.25,0,0.67,0.27,0.07,
26,10,3,69,202050&202044,,204026,80,0,0.8,50.625,0.25,0,0.67,0.27,0.07,
27,1,3,3,202045,,,50,0,1,5.4,0.25,0.73,0.27,0,0,
27,2,3,11,202051&202045,203021,,70,0,0.8,7.714285714,0.25,0,0.73,0.27,0,60002&60006
27,3,3,27,202051&202054,,,50,0,0.8,16.2,0.25,0,0.73,0.27,0,
27,4,3,28,202051,203022,,70,0,1,15.42857143,0.25,0,0.73,0.27,0,60002&60006
27,5,3,43,202045&202054,,,60,0,0.8,27,0.25,0,0,0.73,0.27,
27,6,3,79,202051,203021,,40,0,1,54,0.25,0,0,0.73,0.27,60002&60006
27,7,3,75,202045&202054,,,50,0,0.8,54,0.25,0,0,0.73,0.27,
27,8,3,73,202051&202045,203022,,60,0,0.8,54,0.25,0,0.67,0.27,0.07,60002&60006
27,9,3,71,202051&202054,,,70,0,0.8,54,0.25,0,0.67,0.27,0.07,
27,10,3,69,202051&202045,,204027,80,0,0.8,50.625,0.25,0,0.67,0.27,0.07,
28,1,3,3,202055,,,60,0,1,5,0.25,0.73,0.27,0,0,
28,2,3,13,202055,203019,,60,0,1,10,0.25,0,0.73,0.27,0,60002&60006
28,3,3,23,202055&202058,,,60,0,0.8,15,0.25,0,0.73,0.27,0,
28,4,3,33,202055,203020,,60,0,1,20,0.25,0,0.73,0.27,0,60002&60006
28,5,3,43,202055&202058,,,60,0,0.8,30,0.25,0,0,0.73,0.27,
28,6,3,53,202055&202049,203019,,60,0,0.8,40,0.25,0,0,0.73,0.27,60002&60006
28,7,3,63,202055&202058,,,60,0,0.8,50,0.25,0,0,0.73,0.27,
28,8,3,73,202055&202049,203020,,60,0,0.8,60,0.25,0,0.67,0.27,0.07,60002&60006
28,9,3,83,202055&202058,,,60,0,0.8,70,0.25,0,0.67,0.27,0.07,
28,10,3,93,202055&202049,,204028,60,0,0.8,75,0.25,0,0.67,0.27,0.07,
29,1,3,4,202056,,,40,0,1,7.5,0.25,0.73,0.27,0,0,
29,2,3,9,202056,203021,,80,0,1,7.5,0.25,0,0.73,0.27,0,60002&60006
29,3,3,34,202050&202059,,,40,0,0.8,22.5,0.25,0,0.73,0.27,0,
29,4,3,24,202056,203022,,80,0,1,15,0.25,0,0.73,0.27,0,60002&60006
29,5,3,64,202050&202059,,,40,0,0.8,45,0.25,0,0,0.73,0.27,
29,6,3,39,202056,203021,,80,0,1,30,0.25,0,0,0.73,0.27,60002&60006
29,7,3,94,202050&202059,,,40,0,0.8,75,0.25,0,0,0.73,0.27,
29,8,3,54,202056&202050,203022,,80,0,0.8,45,0.25,0,0.67,0.27,0.07,60002&60006
29,9,3,124,202050&202059,,,40,0,0.8,105,0.25,0,0.67,0.27,0.07,
29,10,3,69,202056&202050,,204029,80,0,0.8,56.25,0.25,0,0.67,0.27,0.07,
30,1,3,3,202057,,,50,0,1,6,0.25,0.73,0.27,0,0,
30,2,3,11,202057&202051,203023,,70,0,0.8,8.571428571,0.25,0,0.73,0.27,0,60002&60006
30,3,3,27,202051&202060,,,50,0,0.8,18,0.25,0,0.73,0.27,0,
30,4,3,28,202057,203024,,70,0,1,17.14285714,0.25,0,0.73,0.27,0,60002&60006
30,5,3,51,202057&202060,,,50,0,0.8,36,0.25,0,0,0.73,0.27,
30,6,3,45,202057&202051,203023,,70,0,0.8,34.28571429,0.25,0,0,0.73,0.27,60002&60006
30,7,3,75,202051&202060,,,50,0,0.8,60,0.25,0,0,0.73,0.27,
30,8,3,62,202057&202051,203024,,70,0,0.8,51.42857143,0.25,0,0.67,0.27,0.07,60002&60006
30,9,3,99,202057&202060,,,50,0,0.8,84,0.25,0,0.67,0.27,0.07,
30,10,3,79,202057&202051,,204030,70,0,0.8,64.28571429,0.25,0,0.67,0.27,0.07,
31,1,3,6,202061,,,30,0,1,10,0.25,0.73,0.27,0,0,
31,2,3,8,202061,203021,,90,0,1,6.666666667,0.25,0,0.73,0.27,0,60002&60006
31,3,3,46,202061&202064,,,30,0,0.8,30,0.25,0,0.73,0.27,0,
31,4,3,22,202061&202055,203022,,90,0,0.8,13.33333333,0.25,0,0.73,0.27,0,60002&60006
31,5,3,86,202061&202064,,,30,0,0.8,60,0.25,0,0,0.73,0.27,
31,6,3,35,202061&202055,203021,,90,0,0.8,26.66666667,0.25,0,0,0.73,0.27,60002&60006
31,7,3,126,202061&202064,,,30,0,0.8,100,0.25,0,0,0.73,0.27,
31,8,3,48,202061&202055,203022,,90,0,0.8,40,0.25,0,0.67,0.27,0.07,60002&60006
31,9,3,166,202061&202064,,,30,0,0.8,140,0.25,0,0.67,0.27,0.07,
31,10,3,62,202061&202055,,204031,90,0,0.8,50,0.25,0,0.67,0.27,0.07,
32,1,3,4,202056,,,40,0,1,7.5,0.25,0.73,0.27,0,0,
32,2,3,15,202062&202056,203023,,50,0,0.8,12,0.25,0,0.73,0.27,0,60002&60006
32,3,3,23,202062&202065,,,60,0,0.8,15,0.25,0,0.73,0.27,0,
32,4,3,28,202062,203024,,70,0,1,17.14285714,0.25,0,0.73,0.27,0,60002&60006
32,5,3,32,202056&202065,,,80,0,0.8,22.5,0.25,0,0,0.73,0.27,
32,6,3,79,202062,203023,,40,0,1,60,0.25,0,0,0.73,0.27,60002&60006
32,7,3,75,202056&202065,,,50,0,0.8,60,0.25,0,0,0.73,0.27,
32,8,3,73,202062&202056,203024,,60,0,0.8,60,0.25,0,0.67,0.27,0.07,60002&60006
32,9,3,71,202062&202065,,,70,0,0.8,60,0.25,0,0.67,0.27,0.07,
32,10,3,69,202062&202056,,204032,80,0,0.8,56.25,0.25,0,0.67,0.27,0.07,
33,1,3,3,202057,,,50,0,1,6,0.25,0.73,0.27,0,0,
33,2,3,11,202063&202057,203025,,70,0,0.8,8.571428571,0.25,0,0.73,0.27,0,60002&60006
33,3,3,27,202063&202066,,,50,0,0.8,18,0.25,0,0.73,0.27,0,
33,4,3,28,202063,203026,,70,0,1,17.14285714,0.25,0,0.73,0.27,0,60002&60006
33,5,3,43,202057&202066,,,60,0,0.8,30,0.25,0,0,0.73,0.27,
33,6,3,79,202063,203025,,40,0,1,60,0.25,0,0,0.73,0.27,60002&60006
33,7,3,75,202057&202066,,,50,0,0.8,60,0.25,0,0,0.73,0.27,
33,8,3,73,202063&202057,203026,,60,0,0.8,60,0.25,0,0.67,0.27,0.07,60002&60006
33,9,3,71,202063&202066,,,70,0,0.8,60,0.25,0,0.67,0.27,0.07,
33,10,3,69,202063&202057,,204033,80,0,0.8,56.25,0.25,0,0.67,0.27,0.07,
34,1,3,3,202067,,,60,0,1,5,0.25,0.73,0.27,0,0,
34,2,3,13,202067,203023,,60,0,1,10,0.25,0,0.73,0.27,0,60002&60006
34,3,3,23,202067&202070,,,60,0,0.8,15,0.25,0,0.73,0.27,0,
34,4,3,33,202067,203024,,60,0,1,20,0.25,0,0.73,0.27,0,60002&60006
34,5,3,43,202067&202070,,,60,0,0.8,30,0.25,0,0,0.73,0.27,
34,6,3,53,202067&202061,203023,,60,0,0.8,40,0.25,0,0,0.73,0.27,60002&60006
34,7,3,63,202067&202070,,,60,0,0.8,50,0.25,0,0,0.73,0.27,
34,8,3,73,202067&202061,203024,,60,0,0.8,60,0.25,0,0.67,0.27,0.07,60002&60006
34,9,3,83,202067&202070,,,60,0,0.8,70,0.25,0,0.67,0.27,0.07,
34,10,3,93,202067&202061,,204034,60,0,0.8,75,0.25,0,0.67,0.27,0.07,
35,1,3,4,202068,,,40,0,1,7.5,0.25,0.73,0.27,0,0,
35,2,3,9,202068,203025,,80,0,1,7.5,0.25,0,0.73,0.27,0,60002&60006
35,3,3,34,202062&202071,,,40,0,0.8,22.5,0.25,0,0.73,0.27,0,
35,4,3,24,202068,203026,,80,0,1,15,0.25,0,0.73,0.27,0,60002&60006
35,5,3,64,202062&202071,,,40,0,0.8,45,0.25,0,0,0.73,0.27,
35,6,3,39,202068,203025,,80,0,1,30,0.25,0,0,0.73,0.27,60002&60006
35,7,3,94,202062&202071,,,40,0,0.8,75,0.25,0,0,0.73,0.27,
35,8,3,54,202068&202062,203026,,80,0,0.8,45,0.25,0,0.67,0.27,0.07,60002&60006
35,9,3,124,202062&202071,,,40,0,0.8,105,0.25,0,0.67,0.27,0.07,
35,10,3,69,202068&202062,,204035,80,0,0.8,56.25,0.25,0,0.67,0.27,0.07,
36,1,3,3,202069,,,50,0,1,6,0.25,0.73,0.27,0,0,
36,2,3,11,202069&202063,203027,,70,0,0.8,8.571428571,0.25,0,0.73,0.27,0,60002&60006
36,3,3,27,202063&202072,,,50,0,0.8,18,0.25,0,0.73,0.27,0,
36,4,3,28,202069,203028,,70,0,1,17.14285714,0.25,0,0.73,0.27,0,60002&60006
36,5,3,51,202069&202072,,,50,0,0.8,36,0.25,0,0,0.73,0.27,
36,6,3,45,202069&202063,203027,,70,0,0.8,34.28571429,0.25,0,0,0.73,0.27,60002&60006
36,7,3,75,202063&202072,,,50,0,0.8,60,0.25,0,0,0.73,0.27,
36,8,3,62,202069&202063,203028,,70,0,0.8,51.42857143,0.25,0,0.67,0.27,0.07,60002&60006
36,9,3,99,202069&202072,,,50,0,0.8,84,0.25,0,0.67,0.27,0.07,
36,10,3,79,202069&202063,,204036,70,0,0.8,64.28571429,0.25,0,0.67,0.27,0.07,
37,1,3,6,202073,,,30,0,1,10,0.25,0.73,0.27,0,0,
37,2,3,8,202073,203025,,90,0,1,6.666666667,0.25,0,0.73,0.27,0,60002&60006
37,3,3,46,202073&202076,,,30,0,0.8,30,0.25,0,0.73,0.27,0,
37,4,3,22,202073&202067,203026,,90,0,0.8,13.33333333,0.25,0,0.73,0.27,0,60002&60006
37,5,3,86,202073&202076,,,30,0,0.8,60,0.25,0,0,0.73,0.27,
37,6,3,35,202073&202067,203025,,90,0,0.8,26.66666667,0.25,0,0,0.73,0.27,60002&60006
37,7,3,126,202073&202076,,,30,0,0.8,100,0.25,0,0,0.73,0.27,
37,8,3,48,202073&202067,203026,,90,0,0.8,40,0.25,0,0.67,0.27,0.07,60002&60006
37,9,3,166,202073&202076,,,30,0,0.8,140,0.25,0,0.67,0.27,0.07,
37,10,3,62,202073&202067,,204037,90,0,0.8,50,0.25,0,0.67,0.27,0.07,
38,1,3,4,202068,,,40,0,1,7.5,0.25,0.73,0.27,0,0,
38,2,3,15,202074&202068,203027,,50,0,0.8,12,0.25,0,0.73,0.27,0,60002&60006
38,3,3,23,202074&202077,,,60,0,0.8,15,0.25,0,0.73,0.27,0,
38,4,3,28,202074,203028,,70,0,1,17.14285714,0.25,0,0.73,0.27,0,60002&60006
38,5,3,32,202068&202077,,,80,0,0.8,22.5,0.25,0,0,0.73,0.27,
38,6,3,79,202074,203027,,40,0,1,60,0.25,0,0,0.73,0.27,60002&60006
38,7,3,75,202068&202077,,,50,0,0.8,60,0.25,0,0,0.73,0.27,
38,8,3,73,202074&202068,203028,,60,0,0.8,60,0.25,0,0.67,0.27,0.07,60002&60006
38,9,3,71,202074&202077,,,70,0,0.8,60,0.25,0,0.67,0.27,0.07,
38,10,3,69,202074&202068,,204038,80,0,0.8,56.25,0.25,0,0.67,0.27,0.07,
39,1,3,3,202069,,,50,0,1,6,0.25,0.73,0.27,0,0,
39,2,3,11,202075&202069,203029,,70,0,0.8,8.571428571,0.25,0,0.73,0.27,0,60002&60006
39,3,3,27,202075&202078,,,50,0,0.8,18,0.25,0,0.73,0.27,0,
39,4,3,28,202075,203030,,70,0,1,17.14285714,0.25,0,0.73,0.27,0,60002&60006
39,5,3,43,202069&202078,,,60,0,0.8,30,0.25,0,0,0.73,0.27,
39,6,3,79,202075,203029,,40,0,1,60,0.25,0,0,0.73,0.27,60002&60006
39,7,3,75,202069&202078,,,50,0,0.8,60,0.25,0,0,0.73,0.27,
39,8,3,73,202075&202069,203030,,60,0,0.8,60,0.25,0,0.67,0.27,0.07,60002&60006
39,9,3,71,202075&202078,,,70,0,0.8,60,0.25,0,0.67,0.27,0.07,
39,10,3,69,202075&202069,,204039,80,0,0.8,56.25,0.25,0,0.67,0.27,0.07,
40,1,3,3,202079,,,60,0,1,5,0.25,0.73,0.27,0,0,
40,2,3,13,202079,203027,,60,0,1,10,0.25,0,0.73,0.27,0,60002&60006
40,3,3,23,202079&202082,,,60,0,0.8,15,0.25,0,0.73,0.27,0,
40,4,3,33,202079,203028,,60,0,1,20,0.25,0,0.73,0.27,0,60002&60006
40,5,3,43,202079&202082,,,60,0,0.8,30,0.25,0,0,0.73,0.27,
40,6,3,53,202079&202073,203027,,60,0,0.8,40,0.25,0,0,0.73,0.27,60002&60006
40,7,3,63,202079&202082,,,60,0,0.8,50,0.25,0,0,0.73,0.27,
40,8,3,73,202079&202073,203028,,60,0,0.8,60,0.25,0,0.67,0.27,0.07,60002&60006
40,9,3,83,202079&202082,,,60,0,0.8,70,0.25,0,0.67,0.27,0.07,
40,10,3,93,202079&202073,,204040,60,0,0.8,75,0.25,0,0.67,0.27,0.07,
41,1,3,4,202080,,,40,0,1,7.5,0.25,0.73,0.27,0,0,
41,2,3,9,202080,203029,,80,0,1,7.5,0.25,0,0.73,0.27,0,60002&60006
41,3,3,34,202074&202083,,,40,0,0.8,22.5,0.25,0,0.73,0.27,0,
41,4,3,24,202080,203030,,80,0,1,15,0.25,0,0.73,0.27,0,60002&60006
41,5,3,64,202074&202083,,,40,0,0.8,45,0.25,0,0,0.73,0.27,
41,6,3,39,202080,203029,,80,0,1,30,0.25,0,0,0.73,0.27,60002&60006
41,7,3,94,202074&202083,,,40,0,0.8,75,0.25,0,0,0.73,0.27,
41,8,3,54,202080&202074,203030,,80,0,0.8,45,0.25,0,0.67,0.27,0.07,60002&60006
41,9,3,124,202074&202083,,,40,0,0.8,105,0.25,0,0.67,0.27,0.07,
41,10,3,69,202080&202074,,204041,80,0,0.8,56.25,0.25,0,0.67,0.27,0.07,
42,1,3,3,202081,,,50,0,1,6,0.25,0.73,0.27,0,0,
42,2,3,11,202081&202075,203031,,70,0,0.8,8.571428571,0.25,0,0.73,0.27,0,60002&60006
42,3,3,27,202075&202084,,,50,0,0.8,18,0.25,0,0.73,0.27,0,
42,4,3,28,202081,203032,,70,0,1,17.14285714,0.25,0,0.73,0.27,0,60002&60006
42,5,3,51,202081&202084,,,50,0,0.8,36,0.25,0,0,0.73,0.27,
42,6,3,45,202081&202075,203031,,70,0,0.8,34.28571429,0.25,0,0,0.73,0.27,60002&60006
42,7,3,75,202075&202084,,,50,0,0.8,60,0.25,0,0,0.73,0.27,
42,8,3,62,202081&202075,203032,,70,0,0.8,51.42857143,0.25,0,0.67,0.27,0.07,60002&60006
42,9,3,99,202081&202084,,,50,0,0.8,84,0.25,0,0.67,0.27,0.07,
42,10,3,79,202081&202075,,204042,70,0,0.8,64.28571429,0.25,0,0.67,0.27,0.07,
43,1,3,6,202085,,,30,0,1,10,0.25,0.73,0.27,0,0,
43,2,3,8,202085,203029,,90,0,1,6.666666667,0.25,0,0.73,0.27,0,60002&60006
43,3,3,46,202085&202088,,,30,0,0.8,30,0.25,0,0.73,0.27,0,
43,4,3,22,202085&202079,203030,,90,0,0.8,13.33333333,0.25,0,0.73,0.27,0,60002&60006
43,5,3,86,202085&202088,,,30,0,0.8,60,0.25,0,0,0.73,0.27,
43,6,3,35,202085&202079,203029,,90,0,0.8,26.66666667,0.25,0,0,0.73,0.27,60002&60006
43,7,3,126,202085&202088,,,30,0,0.8,100,0.25,0,0,0.73,0.27,
43,8,3,48,202085&202079,203030,,90,0,0.8,40,0.25,0,0.67,0.27,0.07,60002&60006
43,9,3,166,202085&202088,,,30,0,0.8,140,0.25,0,0.67,0.27,0.07,
43,10,3,62,202085&202079,,204043,90,0,0.8,50,0.25,0,0.67,0.27,0.07,
44,1,3,4,202080,,,40,0,1,7.5,0.25,0.73,0.27,0,0,
44,2,3,15,202086&202080,203031,,50,0,0.8,12,0.25,0,0.73,0.27,0,60002&60006
44,3,3,23,202086&202089,,,60,0,0.8,15,0.25,0,0.73,0.27,0,
44,4,3,28,202086,203032,,70,0,1,17.14285714,0.25,0,0.73,0.27,0,60002&60006
44,5,3,32,202080&202089,,,80,0,0.8,22.5,0.25,0,0,0.73,0.27,
44,6,3,79,202086,203031,,40,0,1,60,0.25,0,0,0.73,0.27,60002&60006
44,7,3,75,202080&202089,,,50,0,0.8,60,0.25,0,0,0.73,0.27,
44,8,3,73,202086&202080,203032,,60,0,0.8,60,0.25,0,0.67,0.27,0.07,60002&60006
44,9,3,71,202086&202089,,,70,0,0.8,60,0.25,0,0.67,0.27,0.07,
44,10,3,69,202086&202080,,204044,80,0,0.8,56.25,0.25,0,0.67,0.27,0.07,
45,1,3,3,202081,,,50,0,1,6,0.25,0.73,0.27,0,0,
45,2,3,11,202087&202081,203033,,70,0,0.8,8.571428571,0.25,0,0.73,0.27,0,60002&60006
45,3,3,27,202087&202090,,,50,0,0.8,18,0.25,0,0.73,0.27,0,
45,4,3,28,202087,203034,,70,0,1,17.14285714,0.25,0,0.73,0.27,0,60002&60006
45,5,3,43,202081&202090,,,60,0,0.8,30,0.25,0,0,0.73,0.27,
45,6,3,79,202087,203033,,40,0,1,60,0.25,0,0,0.73,0.27,60002&60006
45,7,3,75,202081&202090,,,50,0,0.8,60,0.25,0,0,0.73,0.27,
45,8,3,73,202087&202081,203034,,60,0,0.8,60,0.25,0,0.67,0.27,0.07,60002&60006
45,9,3,71,202087&202090,,,70,0,0.8,60,0.25,0,0.67,0.27,0.07,
45,10,3,69,202087&202081,,204045,80,0,0.8,56.25,0.25,0,0.67,0.27,0.07,
46,1,3,3,202091,,,60,0,1,5,0.25,0.73,0.27,0,0,
46,2,3,13,202091,203031,,60,0,1,10,0.25,0,0.73,0.27,0,60002&60006
46,3,3,23,202091&202094,,,60,0,0.8,15,0.25,0,0.73,0.27,0,
46,4,3,33,202091,203032,,60,0,1,20,0.25,0,0.73,0.27,0,60002&60006
46,5,3,43,202091&202094,,,60,0,0.8,30,0.25,0,0,0.73,0.27,
46,6,3,53,202091&202085,203031,,60,0,0.8,40,0.25,0,0,0.73,0.27,60002&60006
46,7,3,63,202091&202094,,,60,0,0.8,50,0.25,0,0,0.73,0.27,
46,8,3,73,202091&202085,203032,,60,0,0.8,60,0.25,0,0.67,0.27,0.07,60002&60006
46,9,3,83,202091&202094,,,60,0,0.8,70,0.25,0,0.67,0.27,0.07,
46,10,3,93,202091&202085,,204046,60,0,0.8,75,0.25,0,0.67,0.27,0.07,
47,1,3,4,202092,,,40,0,1,7.5,0.25,0.73,0.27,0,0,
47,2,3,9,202092,203033,,80,0,1,7.5,0.25,0,0.73,0.27,0,60002&60006
47,3,3,34,202086&202095,,,40,0,0.8,22.5,0.25,0,0.73,0.27,0,
47,4,3,24,202092,203034,,80,0,1,15,0.25,0,0.73,0.27,0,60002&60006
47,5,3,64,202086&202095,,,40,0,0.8,45,0.25,0,0,0.73,0.27,
47,6,3,39,202092,203033,,80,0,1,30,0.25,0,0,0.73,0.27,60002&60006
47,7,3,94,202086&202095,,,40,0,0.8,75,0.25,0,0,0.73,0.27,
47,8,3,54,202092&202086,203034,,80,0,0.8,45,0.25,0,0.67,0.27,0.07,60002&60006
47,9,3,124,202086&202095,,,40,0,0.8,105,0.25,0,0.67,0.27,0.07,
47,10,3,69,202092&202086,,204047,80,0,0.8,56.25,0.25,0,0.67,0.27,0.07,
48,1,3,3,202093,,,50,0,1,6,0.25,0.73,0.27,0,0,
48,2,3,11,202093&202087,203035,,70,0,0.8,8.571428571,0.25,0,0.73,0.27,0,60002&60006
48,3,3,27,202087&202096,,,50,0,0.8,18,0.25,0,0.73,0.27,0,
48,4,3,28,202093,203036,,70,0,1,17.14285714,0.25,0,0.73,0.27,0,60002&60006
48,5,3,51,202093&202096,,,50,0,0.8,36,0.25,0,0,0.73,0.27,
48,6,3,45,202093&202087,203035,,70,0,0.8,34.28571429,0.25,0,0,0.73,0.27,60002&60006
48,7,3,75,202087&202096,,,50,0,0.8,60,0.25,0,0,0.73,0.27,
48,8,3,62,202093&202087,203036,,70,0,0.8,51.42857143,0.25,0,0.67,0.27,0.07,60002&60006
48,9,3,99,202093&202096,,,50,0,0.8,84,0.25,0,0.67,0.27,0.07,
48,10,3,79,202093&202087,,204048,70,0,0.8,64.28571429,0.25,0,0.67,0.27,0.07,
49,1,3,6,202097,,,30,0,1,10,0.25,0.73,0.27,0,0,
49,2,3,8,202097,203033,,90,0,1,6.666666667,0.25,0,0.73,0.27,0,60002&60006
49,3,3,46,202097&202053,,,30,0,0.8,30,0.25,0,0.73,0.27,0,
49,4,3,22,202097&202091,203034,,90,0,0.8,13.33333333,0.25,0,0.73,0.27,0,60002&60006
49,5,3,86,202097&202053,,,30,0,0.8,60,0.25,0,0,0.73,0.27,
49,6,3,35,202097&202091,203033,,90,0,0.8,26.66666667,0.25,0,0,0.73,0.27,60002&60006
49,7,3,126,202097&202053,,,30,0,0.8,100,0.25,0,0,0.73,0.27,
49,8,3,48,202097&202091,203034,,90,0,0.8,40,0.25,0,0.67,0.27,0.07,60002&60006
49,9,3,166,202097&202053,,,30,0,0.8,140,0.25,0,0.67,0.27,0.07,
49,10,3,62,202097&202091,,204049,90,0,0.8,50,0.25,0,0.67,0.27,0.07,
50,1,3,4,202092,,,40,0,1,7.5,0.25,0.73,0.27,0,0,
50,2,3,15,202098&202092,203035,,50,0,0.8,12,0.25,0,0.73,0.27,0,60002&60006
50,3,3,23,202098&202054,,,60,0,0.8,15,0.25,0,0.73,0.27,0,
50,4,3,28,202098,203036,,70,0,1,17.14285714,0.25,0,0.73,0.27,0,60002&60006
50,5,3,32,202092&202054,,,80,0,0.8,22.5,0.25,0,0,0.73,0.27,
50,6,3,79,202098,203035,,40,0,1,60,0.25,0,0,0.73,0.27,60002&60006
50,7,3,75,202092&202054,,,50,0,0.8,60,0.25,0,0,0.73,0.27,
50,8,3,73,202098&202092,203036,,60,0,0.8,60,0.25,0,0.67,0.27,0.07,60002&60006
50,9,3,71,202098&202054,,,70,0,0.8,60,0.25,0,0.67,0.27,0.07,
50,10,3,69,202098&202092,,204050,80,0,0.8,56.25,0.25,0,0.67,0.27,0.07,
